property_title,avg_price,possession,seller_label,seller_subtitle,project,single_price,builtup_area,1 BHK Flat_min,1 BHK Flat_max,2 BHK Flat_min,2 BHK Flat_max,3 BHK Flat_min,3 BHK Flat_max,50 sq.yd Plot_min,50 sq.yd Plot_max,55 sq.yd Plot_min,55 sq.yd Plot_max,58 sq.yd Plot_min,58 sq.yd Plot_max,60 sq.yd Plot_min,60 sq.yd Plot_max,70 sq.yd Plot_min,70 sq.yd Plot_max,83 sq.yd Plot_min,83 sq.yd Plot_max,90 sq.yd Plot_min,90 sq.yd Plot_max,92 sq.yd Plot_min,92 sq.yd Plot_max,100 sq.yd Plot_min,100 sq.yd Plot_max,105 sq.yd Plot_min,105 sq.yd Plot_max,128 sq.yd Plot_min,128 sq.yd Plot_max,133 sq.yd Plot_min,133 sq.yd Plot_max,135 sq.yd Plot_min,135 sq.yd Plot_max,143 sq.yd Plot_min,143 sq.yd Plot_max,145 sq.yd Plot_min,145 sq.yd Plot_max,150 sq.yd Plot_min,150 sq.yd Plot_max,200 sq.yd Plot_min,200 sq.yd Plot_max,450 sq.ft Plot_min,450 sq.ft Plot_max,477 sq.ft Plot_min,477 sq.ft Plot_max,630 sq.ft Plot_min,630 sq.ft Plot_max,675 sq.ft Plot_min,675 sq.ft Plot_max,693 sq.ft Plot_min,693 sq.ft Plot_max,900 sq.ft Plot_min,900 sq.ft Plot_max,1188 sq.ft Plot_min,1188 sq.ft Plot_max,1215 sq.ft Plot_min,1215 sq.ft Plot_max,1251 sq.ft Plot_min,1251 sq.ft Plot_max,1269 sq.ft Plot_min,1269 sq.ft Plot_max,1323 sq.ft Plot_min,1323 sq.ft Plot_max,1332 sq.ft Plot_min,1332 sq.ft Plot_max,1350 sq.ft Plot_min,1350 sq.ft Plot_max,1395 sq.ft Plot_min,1395 sq.ft Plot_max,1449 sq.ft Plot_min,1449 sq.ft Plot_max,1485 sq.ft Plot_min,1485 sq.ft Plot_max,1611 sq.ft Plot_min,1611 sq.ft Plot_max,1800 sq.ft Plot_min,1800 sq.ft Plot_max,2205 sq.ft Plot_min,2205 sq.ft Plot_max,4680 sq.ft Plot_min,4680 sq.ft Plot_max,Studio Apartment_min,Studio Apartment_max,builtup_area_m2,avg_price_inr_per_sqm
"Residential Plots  in New Palam Vihar Phase 1, Sector 110",₹2.89k/sq.yd,,,,RBSM Colony Part 1,,,,,,,,,1300000.0,1300000.0,,,,,,,,,,,,,,,2600000.0,2600000.0,,,,,,,,,,,,,3900000.0,3900000.0,5200000.0,5200000.0,,,,,,,,,,,,,,,,,,,,,,,,,,,,,,,,,,,,,,,,,,,,3456.0
"1, 2 BHK Flats  in Sector 25, DLF Phase 2",₹4.5 K/sq.ft,,,,DLF Chisholm Apartments,,,1125000.0,2025000.0,2475000.0,4275000.0,,,1300000.0,1300000.0,,,,,,,,,,,,,,,2600000.0,2600000.0,,,,,,,,,,,,,3900000.0,3900000.0,5200000.0,5200000.0,,,,,,,,,,,,,,,,,,,,,,,,,,,,,,,,,,,,,,,,,,,,48438.0
Residential Plots  in Rajoria Nagar,₹777.0/sq.ft,,,,SDH Rose City,,,1125000.0,2025000.0,2475000.0,4275000.0,,,1300000.0,1300000.0,,,,,,,,,,,,,,,2600000.0,2600000.0,,,,,,,,,,,,,3900000.0,3900000.0,5200000.0,5200000.0,350000.0,350000.0,,,,,524000.0,524000.0,,,699000.0,699000.0,,,,,972000.0000000001,972000.0000000001,,,1027999.9999999999,1027999.9999999999,,,,,,,,,,,1252000.0,1252000.0,1399000.0,1399000.0,1713000.0,1713000.0,3636000.0,3636000.0,,,,8364.0
"1, 2, 3 BHK Flats  in Sector 35, Sohna",₹3.02 K - ₹4.5 K/sq.ft,,,,Adore Prosperity Homes,,,1466000.0,1470000.0,2124000.0,2126000.0,2748000.0,2754000.0,1300000.0,1300000.0,,,,,,,,,,,,,,,2600000.0,2600000.0,,,,,,,,,,,,,3900000.0,3900000.0,5200000.0,5200000.0,350000.0,350000.0,,,,,524000.0,524000.0,,,699000.0,699000.0,,,,,972000.0000000001,972000.0000000001,,,1027999.9999999999,1027999.9999999999,,,,,,,,,,,1252000.0,1252000.0,1399000.0,1399000.0,1713000.0,1713000.0,3636000.0,3636000.0,,,,40472.0
"1, 3 BHK Flats  in Tech Chand Nagar, Sector 104","Dec, 2025",,,,Mahira Homes 104,,,1384000.0,2640000.0,2124000.0,2126000.0,2629000.0,2640000.0,1300000.0,1300000.0,,,,,,,,,,,,,,,2600000.0,2600000.0,,,,,,,,,,,,,3900000.0,3900000.0,5200000.0,5200000.0,350000.0,350000.0,,,,,524000.0,524000.0,,,699000.0,699000.0,,,,,972000.0000000001,972000.0000000001,,,1027999.9999999999,1027999.9999999999,,,,,,,,,,,1252000.0,1252000.0,1399000.0,1399000.0,1713000.0,1713000.0,3636000.0,3636000.0,,,,
"1, 3 BHK Flats  in Sector 63A, Kadarpur",₹4 K/sq.ft,,,,Czar Mahira Homes 63A,,,1296000.0,1296000.0,2124000.0,2126000.0,2580000.0,2580000.0,1300000.0,1300000.0,,,,,,,,,,,,,,,2600000.0,2600000.0,,,,,,,,,,,,,3900000.0,3900000.0,5200000.0,5200000.0,350000.0,350000.0,,,,,524000.0,524000.0,,,699000.0,699000.0,,,,,972000.0000000001,972000.0000000001,,,1027999.9999999999,1027999.9999999999,,,,,,,,,,,1252000.0,1252000.0,1399000.0,1399000.0,1713000.0,1713000.0,3636000.0,3636000.0,,,,43056.0
"1, 2 BHK Flats  in Kadarpur",₹4.09 K/sq.ft,,,,Sunrays Heights,,,1460000.0,1508000.0,1460000.0,2500000.0,2580000.0,2580000.0,1300000.0,1300000.0,,,,,,,,,,,,,,,2600000.0,2600000.0,,,,,,,,,,,,,3900000.0,3900000.0,5200000.0,5200000.0,350000.0,350000.0,,,,,524000.0,524000.0,,,699000.0,699000.0,,,,,972000.0000000001,972000.0000000001,,,1027999.9999999999,1027999.9999999999,,,,,,,,,,,1252000.0,1252000.0,1399000.0,1399000.0,1713000.0,1713000.0,3636000.0,3636000.0,,,,44024.0
"1, 2 BHK Flats  in Thara",₹2.75 K/sq.ft,,,,Omaxe Europia,,,1498000.0,1498000.0,2495000.0,2495000.0,2580000.0,2580000.0,1300000.0,1300000.0,,,,,,,,,,,,,,,2600000.0,2600000.0,,,,,,,,,,,,,3900000.0,3900000.0,5200000.0,5200000.0,350000.0,350000.0,,,,,524000.0,524000.0,,,699000.0,699000.0,,,,,972000.0000000001,972000.0000000001,,,1027999.9999999999,1027999.9999999999,,,,,,,,,,,1252000.0,1252000.0,1399000.0,1399000.0,1713000.0,1713000.0,3636000.0,3636000.0,,,,29601.0
"1, 2 BHK Flats  in Sector 48",₹3.84 K/sq.ft,,,,Raheja Krishna Housing Scheme,,,1325000.0,1636000.0,1736000.0,2461000.0,2580000.0,2580000.0,1300000.0,1300000.0,,,,,,,,,,,,,,,2600000.0,2600000.0,,,,,,,,,,,,,3900000.0,3900000.0,5200000.0,5200000.0,350000.0,350000.0,,,,,524000.0,524000.0,,,699000.0,699000.0,,,,,972000.0000000001,972000.0000000001,,,1027999.9999999999,1027999.9999999999,,,,,,,,,,,1252000.0,1252000.0,1399000.0,1399000.0,1713000.0,1713000.0,3636000.0,3636000.0,,,,41333.0
"1, 2, 3 BHK Flats  in South City I, Sector 41",₹3.8 K/sq.ft,,,,Apex Our Homes 2,,,1216000.0,1216000.0,1866000.0,1866000.0,2440000.0,2440000.0,1300000.0,1300000.0,,,,,,,,,,,,,,,2600000.0,2600000.0,,,,,,,,,,,,,3900000.0,3900000.0,5200000.0,5200000.0,350000.0,350000.0,,,,,524000.0,524000.0,,,699000.0,699000.0,,,,,972000.0000000001,972000.0000000001,,,1027999.9999999999,1027999.9999999999,,,,,,,,,,,1252000.0,1252000.0,1399000.0,1399000.0,1713000.0,1713000.0,3636000.0,3636000.0,,,,40903.0
Residential Plots  in Karnki,₹1.33k/sq.yd,,,,ALD Green Park 2,,,1216000.0,1216000.0,1866000.0,1866000.0,2440000.0,2440000.0,600000.0,600000.0,660000.0,660000.0,700000.0,700000.0,720000.0,720000.0,840000.0,840000.0,1000000.0,1000000.0,1080000.0,1080000.0,1110000.0,1110000.0,1200000.0,1200000.0,1266000.0,1266000.0,1540000.0,1540000.0,1596000.0,1596000.0,1620000.0,1620000.0,1720000.0,1720000.0,1748000.0,1748000.0,1800000.0,1800000.0,2399000.0,2399000.0,350000.0,350000.0,,,,,524000.0,524000.0,,,699000.0,699000.0,,,,,972000.0000000001,972000.0000000001,,,1027999.9999999999,1027999.9999999999,,,,,,,,,,,1252000.0,1252000.0,1399000.0,1399000.0,1713000.0,1713000.0,3636000.0,3636000.0,,,,1591.0
"1, 2 BHK Flats  in Southern Peripheral Road",₹4.1 K/sq.ft,,,,OSB Golf Heights,,,1483000.0,1491000.0,2309000.0,2345000.0,2440000.0,2440000.0,600000.0,600000.0,660000.0,660000.0,700000.0,700000.0,720000.0,720000.0,840000.0,840000.0,1000000.0,1000000.0,1080000.0,1080000.0,1110000.0,1110000.0,1200000.0,1200000.0,1266000.0,1266000.0,1540000.0,1540000.0,1596000.0,1596000.0,1620000.0,1620000.0,1720000.0,1720000.0,1748000.0,1748000.0,1800000.0,1800000.0,2399000.0,2399000.0,350000.0,350000.0,,,,,524000.0,524000.0,,,699000.0,699000.0,,,,,972000.0000000001,972000.0000000001,,,1027999.9999999999,1027999.9999999999,,,,,,,,,,,1252000.0,1252000.0,1399000.0,1399000.0,1713000.0,1713000.0,3636000.0,3636000.0,,,,44132.0
"1, 2, 3 BHK Flats  in Block B, Sushant Lok Phase 1",₹2.2 K/sq.ft,,,,Viscaria The Greens,,,1210000.0,1210000.0,1672000.0,1672000.0,2156000.0,2156000.0,600000.0,600000.0,660000.0,660000.0,700000.0,700000.0,720000.0,720000.0,840000.0,840000.0,1000000.0,1000000.0,1080000.0,1080000.0,1110000.0,1110000.0,1200000.0,1200000.0,1266000.0,1266000.0,1540000.0,1540000.0,1596000.0,1596000.0,1620000.0,1620000.0,1720000.0,1720000.0,1748000.0,1748000.0,1800000.0,1800000.0,2399000.0,2399000.0,350000.0,350000.0,,,,,524000.0,524000.0,,,699000.0,699000.0,,,,,972000.0000000001,972000.0000000001,,,1027999.9999999999,1027999.9999999999,,,,,,,,,,,1252000.0,1252000.0,1399000.0,1399000.0,1713000.0,1713000.0,3636000.0,3636000.0,,,,23681.0
"Studio, 2 BHK Flat,Studio Flats  in Manesar",₹3.33 K/sq.ft,,,,Zenext Heights,,,1210000.0,1210000.0,2000000.0,2000000.0,2156000.0,2156000.0,600000.0,600000.0,660000.0,660000.0,700000.0,700000.0,720000.0,720000.0,840000.0,840000.0,1000000.0,1000000.0,1080000.0,1080000.0,1110000.0,1110000.0,1200000.0,1200000.0,1266000.0,1266000.0,1540000.0,1540000.0,1596000.0,1596000.0,1620000.0,1620000.0,1720000.0,1720000.0,1748000.0,1748000.0,1800000.0,1800000.0,2399000.0,2399000.0,350000.0,350000.0,,,,,524000.0,524000.0,,,699000.0,699000.0,,,,,972000.0000000001,972000.0000000001,,,1027999.9999999999,1027999.9999999999,,,,,,,,,,,1252000.0,1252000.0,1399000.0,1399000.0,1713000.0,1713000.0,3636000.0,3636000.0,1000000.0,1000000.0,,35844.0
Residential Plots  in Sector 66,₹1.67k/sq.yd,,,,NKV Plots,,,1210000.0,1210000.0,2000000.0,2000000.0,2156000.0,2156000.0,750000.0,750000.0,660000.0,660000.0,700000.0,700000.0,720000.0,720000.0,840000.0,840000.0,1000000.0,1000000.0,1080000.0,1080000.0,1110000.0,1110000.0,1500000.0,1500000.0,1266000.0,1266000.0,1540000.0,1540000.0,1596000.0,1596000.0,1620000.0,1620000.0,1720000.0,1720000.0,1748000.0,1748000.0,1800000.0,1800000.0,2399000.0,2399000.0,350000.0,350000.0,,,,,524000.0,524000.0,,,699000.0,699000.0,,,,,972000.0000000001,972000.0000000001,,,1027999.9999999999,1027999.9999999999,,,,,,,,,,,1252000.0,1252000.0,1399000.0,1399000.0,1713000.0,1713000.0,3636000.0,3636000.0,1000000.0,1000000.0,,1997.0
Residential Plot  in Bhondsi,₹1.67k/sq.ft,,,,,₹15.0L,900 sq.ft,1210000.0,1210000.0,2000000.0,2000000.0,2156000.0,2156000.0,750000.0,750000.0,660000.0,660000.0,700000.0,700000.0,720000.0,720000.0,840000.0,840000.0,1000000.0,1000000.0,1080000.0,1080000.0,1110000.0,1110000.0,1500000.0,1500000.0,1266000.0,1266000.0,1540000.0,1540000.0,1596000.0,1596000.0,1620000.0,1620000.0,1720000.0,1720000.0,1748000.0,1748000.0,1800000.0,1800000.0,2399000.0,2399000.0,350000.0,350000.0,,,,,524000.0,524000.0,,,699000.0,699000.0,,,,,972000.0000000001,972000.0000000001,,,1027999.9999999999,1027999.9999999999,,,,,,,,,,,1252000.0,1252000.0,1399000.0,1399000.0,1713000.0,1713000.0,3636000.0,3636000.0,1000000.0,1000000.0,,17976.0
Residential Plot  in Maruti Kunj,₹2.78k/sq.ft,,,,,₹15.0L,540 sq.ft,1210000.0,1210000.0,2000000.0,2000000.0,2156000.0,2156000.0,750000.0,750000.0,660000.0,660000.0,700000.0,700000.0,720000.0,720000.0,840000.0,840000.0,1000000.0,1000000.0,1080000.0,1080000.0,1110000.0,1110000.0,1500000.0,1500000.0,1266000.0,1266000.0,1540000.0,1540000.0,1596000.0,1596000.0,1620000.0,1620000.0,1720000.0,1720000.0,1748000.0,1748000.0,1800000.0,1800000.0,2399000.0,2399000.0,350000.0,350000.0,,,,,524000.0,524000.0,,,699000.0,699000.0,,,,,972000.0000000001,972000.0000000001,,,1027999.9999999999,1027999.9999999999,,,,,,,,,,,1252000.0,1252000.0,1399000.0,1399000.0,1713000.0,1713000.0,3636000.0,3636000.0,1000000.0,1000000.0,,29924.0
1 RK Studio  in Sector 70,₹3.75k/sq.ft,,,,,₹15.0L,400 sq.ft,1210000.0,1210000.0,2000000.0,2000000.0,2156000.0,2156000.0,750000.0,750000.0,660000.0,660000.0,700000.0,700000.0,720000.0,720000.0,840000.0,840000.0,1000000.0,1000000.0,1080000.0,1080000.0,1110000.0,1110000.0,1500000.0,1500000.0,1266000.0,1266000.0,1540000.0,1540000.0,1596000.0,1596000.0,1620000.0,1620000.0,1720000.0,1720000.0,1748000.0,1748000.0,1800000.0,1800000.0,2399000.0,2399000.0,350000.0,350000.0,,,,,524000.0,524000.0,,,699000.0,699000.0,,,,,972000.0000000001,972000.0000000001,,,1027999.9999999999,1027999.9999999999,,,,,,,,,,,1252000.0,1252000.0,1399000.0,1399000.0,1713000.0,1713000.0,3636000.0,3636000.0,1000000.0,1000000.0,,40365.0
1 RK Flat  in Sector 37D,₹5.0k/sq.ft,,,,,₹15.0L,300 sq.ft,1210000.0,1210000.0,2000000.0,2000000.0,2156000.0,2156000.0,750000.0,750000.0,660000.0,660000.0,700000.0,700000.0,720000.0,720000.0,840000.0,840000.0,1000000.0,1000000.0,1080000.0,1080000.0,1110000.0,1110000.0,1500000.0,1500000.0,1266000.0,1266000.0,1540000.0,1540000.0,1596000.0,1596000.0,1620000.0,1620000.0,1720000.0,1720000.0,1748000.0,1748000.0,1800000.0,1800000.0,2399000.0,2399000.0,350000.0,350000.0,,,,,524000.0,524000.0,,,699000.0,699000.0,,,,,972000.0000000001,972000.0000000001,,,1027999.9999999999,1027999.9999999999,,,,,,,,,,,1252000.0,1252000.0,1399000.0,1399000.0,1713000.0,1713000.0,3636000.0,3636000.0,1000000.0,1000000.0,,53820.0
"2 BHK Flat  in Ashok Vihar, Sector 3",₹1.67k/sq.ft,,,,,₹15.0L,900 sq.ft,1210000.0,1210000.0,2000000.0,2000000.0,2156000.0,2156000.0,750000.0,750000.0,660000.0,660000.0,700000.0,700000.0,720000.0,720000.0,840000.0,840000.0,1000000.0,1000000.0,1080000.0,1080000.0,1110000.0,1110000.0,1500000.0,1500000.0,1266000.0,1266000.0,1540000.0,1540000.0,1596000.0,1596000.0,1620000.0,1620000.0,1720000.0,1720000.0,1748000.0,1748000.0,1800000.0,1800000.0,2399000.0,2399000.0,350000.0,350000.0,,,,,524000.0,524000.0,,,699000.0,699000.0,,,,,972000.0000000001,972000.0000000001,,,1027999.9999999999,1027999.9999999999,,,,,,,,,,,1252000.0,1252000.0,1399000.0,1399000.0,1713000.0,1713000.0,3636000.0,3636000.0,1000000.0,1000000.0,,17976.0
"1 BHK Flat  in Dayanand Colony, Sector 6",₹2.94k/sq.ft,,,,,₹15.0L,510 sq.ft,1210000.0,1210000.0,2000000.0,2000000.0,2156000.0,2156000.0,750000.0,750000.0,660000.0,660000.0,700000.0,700000.0,720000.0,720000.0,840000.0,840000.0,1000000.0,1000000.0,1080000.0,1080000.0,1110000.0,1110000.0,1500000.0,1500000.0,1266000.0,1266000.0,1540000.0,1540000.0,1596000.0,1596000.0,1620000.0,1620000.0,1720000.0,1720000.0,1748000.0,1748000.0,1800000.0,1800000.0,2399000.0,2399000.0,350000.0,350000.0,,,,,524000.0,524000.0,,,699000.0,699000.0,,,,,972000.0000000001,972000.0000000001,,,1027999.9999999999,1027999.9999999999,,,,,,,,,,,1252000.0,1252000.0,1399000.0,1399000.0,1713000.0,1713000.0,3636000.0,3636000.0,1000000.0,1000000.0,,31646.0
1 RK Studio  in Sector 70,₹6.82k/sq.ft,,,,,₹15.0L,220 sq.ft,1210000.0,1210000.0,2000000.0,2000000.0,2156000.0,2156000.0,750000.0,750000.0,660000.0,660000.0,700000.0,700000.0,720000.0,720000.0,840000.0,840000.0,1000000.0,1000000.0,1080000.0,1080000.0,1110000.0,1110000.0,1500000.0,1500000.0,1266000.0,1266000.0,1540000.0,1540000.0,1596000.0,1596000.0,1620000.0,1620000.0,1720000.0,1720000.0,1748000.0,1748000.0,1800000.0,1800000.0,2399000.0,2399000.0,350000.0,350000.0,,,,,524000.0,524000.0,,,699000.0,699000.0,,,,,972000.0000000001,972000.0000000001,,,1027999.9999999999,1027999.9999999999,,,,,,,,,,,1252000.0,1252000.0,1399000.0,1399000.0,1713000.0,1713000.0,3636000.0,3636000.0,1000000.0,1000000.0,,73410.0
Residential Plot  in Sector 66,₹1.67k/sq.ft,,,,,₹15.0L,900 sq.ft,1210000.0,1210000.0,2000000.0,2000000.0,2156000.0,2156000.0,750000.0,750000.0,660000.0,660000.0,700000.0,700000.0,720000.0,720000.0,840000.0,840000.0,1000000.0,1000000.0,1080000.0,1080000.0,1110000.0,1110000.0,1500000.0,1500000.0,1266000.0,1266000.0,1540000.0,1540000.0,1596000.0,1596000.0,1620000.0,1620000.0,1720000.0,1720000.0,1748000.0,1748000.0,1800000.0,1800000.0,2399000.0,2399000.0,350000.0,350000.0,,,,,524000.0,524000.0,,,699000.0,699000.0,,,,,972000.0000000001,972000.0000000001,,,1027999.9999999999,1027999.9999999999,,,,,,,,,,,1252000.0,1252000.0,1399000.0,1399000.0,1713000.0,1713000.0,3636000.0,3636000.0,1000000.0,1000000.0,,17976.0
Residential Plot  in IMT Sohna,₹1.67k/sq.ft,,,,,₹15.0L,900 sq.ft,1210000.0,1210000.0,2000000.0,2000000.0,2156000.0,2156000.0,750000.0,750000.0,660000.0,660000.0,700000.0,700000.0,720000.0,720000.0,840000.0,840000.0,1000000.0,1000000.0,1080000.0,1080000.0,1110000.0,1110000.0,1500000.0,1500000.0,1266000.0,1266000.0,1540000.0,1540000.0,1596000.0,1596000.0,1620000.0,1620000.0,1720000.0,1720000.0,1748000.0,1748000.0,1800000.0,1800000.0,2399000.0,2399000.0,350000.0,350000.0,,,,,524000.0,524000.0,,,699000.0,699000.0,,,,,972000.0000000001,972000.0000000001,,,1027999.9999999999,1027999.9999999999,,,,,,,,,,,1252000.0,1252000.0,1399000.0,1399000.0,1713000.0,1713000.0,3636000.0,3636000.0,1000000.0,1000000.0,,17976.0
1 RK Flat  in Sector 86,₹6.02k/sq.ft,,,,,₹15.0L,249 sq.ft,1210000.0,1210000.0,2000000.0,2000000.0,2156000.0,2156000.0,750000.0,750000.0,660000.0,660000.0,700000.0,700000.0,720000.0,720000.0,840000.0,840000.0,1000000.0,1000000.0,1080000.0,1080000.0,1110000.0,1110000.0,1500000.0,1500000.0,1266000.0,1266000.0,1540000.0,1540000.0,1596000.0,1596000.0,1620000.0,1620000.0,1720000.0,1720000.0,1748000.0,1748000.0,1800000.0,1800000.0,2399000.0,2399000.0,350000.0,350000.0,,,,,524000.0,524000.0,,,699000.0,699000.0,,,,,972000.0000000001,972000.0000000001,,,1027999.9999999999,1027999.9999999999,,,,,,,,,,,1252000.0,1252000.0,1399000.0,1399000.0,1713000.0,1713000.0,3636000.0,3636000.0,1000000.0,1000000.0,,64799.0
Residential Plots  in Sector 34 Sohna,₹992.0/sq.ft,,,,Parmanad Vaishnao Enclave,,,1210000.0,1210000.0,2000000.0,2000000.0,2156000.0,2156000.0,750000.0,750000.0,660000.0,660000.0,700000.0,700000.0,720000.0,720000.0,840000.0,840000.0,1000000.0,1000000.0,1080000.0,1080000.0,1110000.0,1110000.0,1500000.0,1500000.0,1266000.0,1266000.0,1540000.0,1540000.0,1596000.0,1596000.0,1620000.0,1620000.0,1720000.0,1720000.0,1748000.0,1748000.0,1800000.0,1800000.0,2399000.0,2399000.0,525000.0,525000.0,,,,,524000.0,524000.0,809000.0,809000.0,1050000.0,1050000.0,,,1478000.0,1478000.0,972000.0000000001,972000.0000000001,,,1027999.9999999999,1027999.9999999999,,,,,,,,,,,1252000.0,1252000.0,1399000.0,1399000.0,1713000.0,1713000.0,3636000.0,3636000.0,1000000.0,1000000.0,,10678.0
Residential Plot  in Shanti Kunj,₹2.37k/sq.ft,,,,,₹14.74L,621 sq.ft,1210000.0,1210000.0,2000000.0,2000000.0,2156000.0,2156000.0,750000.0,750000.0,660000.0,660000.0,700000.0,700000.0,720000.0,720000.0,840000.0,840000.0,1000000.0,1000000.0,1080000.0,1080000.0,1110000.0,1110000.0,1500000.0,1500000.0,1266000.0,1266000.0,1540000.0,1540000.0,1596000.0,1596000.0,1620000.0,1620000.0,1720000.0,1720000.0,1748000.0,1748000.0,1800000.0,1800000.0,2399000.0,2399000.0,525000.0,525000.0,,,,,524000.0,524000.0,809000.0,809000.0,1050000.0,1050000.0,,,1478000.0,1478000.0,972000.0000000001,972000.0000000001,,,1027999.9999999999,1027999.9999999999,,,,,,,,,,,1252000.0,1252000.0,1399000.0,1399000.0,1713000.0,1713000.0,3636000.0,3636000.0,1000000.0,1000000.0,,25510.0
Residential Plot  in Maruti Kunj,₹3.32k/sq.ft,,,,,₹14.65L,441 sq.ft,1210000.0,1210000.0,2000000.0,2000000.0,2156000.0,2156000.0,750000.0,750000.0,660000.0,660000.0,700000.0,700000.0,720000.0,720000.0,840000.0,840000.0,1000000.0,1000000.0,1080000.0,1080000.0,1110000.0,1110000.0,1500000.0,1500000.0,1266000.0,1266000.0,1540000.0,1540000.0,1596000.0,1596000.0,1620000.0,1620000.0,1720000.0,1720000.0,1748000.0,1748000.0,1800000.0,1800000.0,2399000.0,2399000.0,525000.0,525000.0,,,,,524000.0,524000.0,809000.0,809000.0,1050000.0,1050000.0,,,1478000.0,1478000.0,972000.0000000001,972000.0000000001,,,1027999.9999999999,1027999.9999999999,,,,,,,,,,,1252000.0,1252000.0,1399000.0,1399000.0,1713000.0,1713000.0,3636000.0,3636000.0,1000000.0,1000000.0,,35736.0
1 RK Flat  in Sector 37D,₹4.83k/sq.ft,,,,,₹14.5L,300 sq.ft,1210000.0,1210000.0,2000000.0,2000000.0,2156000.0,2156000.0,750000.0,750000.0,660000.0,660000.0,700000.0,700000.0,720000.0,720000.0,840000.0,840000.0,1000000.0,1000000.0,1080000.0,1080000.0,1110000.0,1110000.0,1500000.0,1500000.0,1266000.0,1266000.0,1540000.0,1540000.0,1596000.0,1596000.0,1620000.0,1620000.0,1720000.0,1720000.0,1748000.0,1748000.0,1800000.0,1800000.0,2399000.0,2399000.0,525000.0,525000.0,,,,,524000.0,524000.0,809000.0,809000.0,1050000.0,1050000.0,,,1478000.0,1478000.0,972000.0000000001,972000.0000000001,,,1027999.9999999999,1027999.9999999999,,,,,,,,,,,1252000.0,1252000.0,1399000.0,1399000.0,1713000.0,1713000.0,3636000.0,3636000.0,1000000.0,1000000.0,,51990.0
1 RK Flat  in Sector 37C,₹7.0k/sq.ft,,,,,₹14.0L,200 sq.ft,1210000.0,1210000.0,2000000.0,2000000.0,2156000.0,2156000.0,750000.0,750000.0,660000.0,660000.0,700000.0,700000.0,720000.0,720000.0,840000.0,840000.0,1000000.0,1000000.0,1080000.0,1080000.0,1110000.0,1110000.0,1500000.0,1500000.0,1266000.0,1266000.0,1540000.0,1540000.0,1596000.0,1596000.0,1620000.0,1620000.0,1720000.0,1720000.0,1748000.0,1748000.0,1800000.0,1800000.0,2399000.0,2399000.0,525000.0,525000.0,,,,,524000.0,524000.0,809000.0,809000.0,1050000.0,1050000.0,,,1478000.0,1478000.0,972000.0000000001,972000.0000000001,,,1027999.9999999999,1027999.9999999999,,,,,,,,,,,1252000.0,1252000.0,1399000.0,1399000.0,1713000.0,1713000.0,3636000.0,3636000.0,1000000.0,1000000.0,,75347.0
Residential Plot in Maruti Kunj,₹3.11k/sq.ft,,,,,₹14.0L,450 sq.ft,1210000.0,1210000.0,2000000.0,2000000.0,2156000.0,2156000.0,750000.0,750000.0,660000.0,660000.0,700000.0,700000.0,720000.0,720000.0,840000.0,840000.0,1000000.0,1000000.0,1080000.0,1080000.0,1110000.0,1110000.0,1500000.0,1500000.0,1266000.0,1266000.0,1540000.0,1540000.0,1596000.0,1596000.0,1620000.0,1620000.0,1720000.0,1720000.0,1748000.0,1748000.0,1800000.0,1800000.0,2399000.0,2399000.0,525000.0,525000.0,,,,,524000.0,524000.0,809000.0,809000.0,1050000.0,1050000.0,,,1478000.0,1478000.0,972000.0000000001,972000.0000000001,,,1027999.9999999999,1027999.9999999999,,,,,,,,,,,1252000.0,1252000.0,1399000.0,1399000.0,1713000.0,1713000.0,3636000.0,3636000.0,1000000.0,1000000.0,,33476.0
1 RK Studio in Sector 70,₹3.5k/sq.ft,,,,,₹14.0L,400 sq.ft,1210000.0,1210000.0,2000000.0,2000000.0,2156000.0,2156000.0,750000.0,750000.0,660000.0,660000.0,700000.0,700000.0,720000.0,720000.0,840000.0,840000.0,1000000.0,1000000.0,1080000.0,1080000.0,1110000.0,1110000.0,1500000.0,1500000.0,1266000.0,1266000.0,1540000.0,1540000.0,1596000.0,1596000.0,1620000.0,1620000.0,1720000.0,1720000.0,1748000.0,1748000.0,1800000.0,1800000.0,2399000.0,2399000.0,525000.0,525000.0,,,,,524000.0,524000.0,809000.0,809000.0,1050000.0,1050000.0,,,1478000.0,1478000.0,972000.0000000001,972000.0000000001,,,1027999.9999999999,1027999.9999999999,,,,,,,,,,,1252000.0,1252000.0,1399000.0,1399000.0,1713000.0,1713000.0,3636000.0,3636000.0,1000000.0,1000000.0,,37674.0
Residential Plot in Maruti Kunj,₹2.64k/sq.ft,,,,,₹13.57L,513 sq.ft,1210000.0,1210000.0,2000000.0,2000000.0,2156000.0,2156000.0,750000.0,750000.0,660000.0,660000.0,700000.0,700000.0,720000.0,720000.0,840000.0,840000.0,1000000.0,1000000.0,1080000.0,1080000.0,1110000.0,1110000.0,1500000.0,1500000.0,1266000.0,1266000.0,1540000.0,1540000.0,1596000.0,1596000.0,1620000.0,1620000.0,1720000.0,1720000.0,1748000.0,1748000.0,1800000.0,1800000.0,2399000.0,2399000.0,525000.0,525000.0,,,,,524000.0,524000.0,809000.0,809000.0,1050000.0,1050000.0,,,1478000.0,1478000.0,972000.0000000001,972000.0000000001,,,1027999.9999999999,1027999.9999999999,,,,,,,,,,,1252000.0,1252000.0,1399000.0,1399000.0,1713000.0,1713000.0,3636000.0,3636000.0,1000000.0,1000000.0,,28417.0
1 RK Duplex in Sector 37C,₹5.4k/sq.ft,,,,,₹13.5L,250 sq.ft,1210000.0,1210000.0,2000000.0,2000000.0,2156000.0,2156000.0,750000.0,750000.0,660000.0,660000.0,700000.0,700000.0,720000.0,720000.0,840000.0,840000.0,1000000.0,1000000.0,1080000.0,1080000.0,1110000.0,1110000.0,1500000.0,1500000.0,1266000.0,1266000.0,1540000.0,1540000.0,1596000.0,1596000.0,1620000.0,1620000.0,1720000.0,1720000.0,1748000.0,1748000.0,1800000.0,1800000.0,2399000.0,2399000.0,525000.0,525000.0,,,,,524000.0,524000.0,809000.0,809000.0,1050000.0,1050000.0,,,1478000.0,1478000.0,972000.0000000001,972000.0000000001,,,1027999.9999999999,1027999.9999999999,,,,,,,,,,,1252000.0,1252000.0,1399000.0,1399000.0,1713000.0,1713000.0,3636000.0,3636000.0,1000000.0,1000000.0,,58125.0
Residential Plot in Bhondsi,₹1.5k/sq.ft,,,,,₹13.5L,900 sq.ft,1210000.0,1210000.0,2000000.0,2000000.0,2156000.0,2156000.0,750000.0,750000.0,660000.0,660000.0,700000.0,700000.0,720000.0,720000.0,840000.0,840000.0,1000000.0,1000000.0,1080000.0,1080000.0,1110000.0,1110000.0,1500000.0,1500000.0,1266000.0,1266000.0,1540000.0,1540000.0,1596000.0,1596000.0,1620000.0,1620000.0,1720000.0,1720000.0,1748000.0,1748000.0,1800000.0,1800000.0,2399000.0,2399000.0,525000.0,525000.0,,,,,524000.0,524000.0,809000.0,809000.0,1050000.0,1050000.0,,,1478000.0,1478000.0,972000.0000000001,972000.0000000001,,,1027999.9999999999,1027999.9999999999,,,,,,,,,,,1252000.0,1252000.0,1399000.0,1399000.0,1713000.0,1713000.0,3636000.0,3636000.0,1000000.0,1000000.0,,16146.0
Residential Plot in Maruti Kunj,₹2.66k/sq.ft,,,,,₹13.15L,495 sq.ft,1210000.0,1210000.0,2000000.0,2000000.0,2156000.0,2156000.0,750000.0,750000.0,660000.0,660000.0,700000.0,700000.0,720000.0,720000.0,840000.0,840000.0,1000000.0,1000000.0,1080000.0,1080000.0,1110000.0,1110000.0,1500000.0,1500000.0,1266000.0,1266000.0,1540000.0,1540000.0,1596000.0,1596000.0,1620000.0,1620000.0,1720000.0,1720000.0,1748000.0,1748000.0,1800000.0,1800000.0,2399000.0,2399000.0,525000.0,525000.0,,,,,524000.0,524000.0,809000.0,809000.0,1050000.0,1050000.0,,,1478000.0,1478000.0,972000.0000000001,972000.0000000001,,,1027999.9999999999,1027999.9999999999,,,,,,,,,,,1252000.0,1252000.0,1399000.0,1399000.0,1713000.0,1713000.0,3636000.0,3636000.0,1000000.0,1000000.0,,28632.0
1 BHK Flat in Kalaka,₹1.7 K/sq.ft,,,,Omaxe Marigold,,,697000.0,1309000.0,2000000.0,2000000.0,2156000.0,2156000.0,750000.0,750000.0,660000.0,660000.0,700000.0,700000.0,720000.0,720000.0,840000.0,840000.0,1000000.0,1000000.0,1080000.0,1080000.0,1110000.0,1110000.0,1500000.0,1500000.0,1266000.0,1266000.0,1540000.0,1540000.0,1596000.0,1596000.0,1620000.0,1620000.0,1720000.0,1720000.0,1748000.0,1748000.0,1800000.0,1800000.0,2399000.0,2399000.0,525000.0,525000.0,,,,,524000.0,524000.0,809000.0,809000.0,1050000.0,1050000.0,,,1478000.0,1478000.0,972000.0000000001,972000.0000000001,,,1027999.9999999999,1027999.9999999999,,,,,,,,,,,1252000.0,1252000.0,1399000.0,1399000.0,1713000.0,1713000.0,3636000.0,3636000.0,1000000.0,1000000.0,,18299.0
"Residential Plot in Ashok Vihar, Sector 3",₹1.44k/sq.ft,,,,,₹13.0L,900 sq.ft,697000.0,1309000.0,2000000.0,2000000.0,2156000.0,2156000.0,750000.0,750000.0,660000.0,660000.0,700000.0,700000.0,720000.0,720000.0,840000.0,840000.0,1000000.0,1000000.0,1080000.0,1080000.0,1110000.0,1110000.0,1500000.0,1500000.0,1266000.0,1266000.0,1540000.0,1540000.0,1596000.0,1596000.0,1620000.0,1620000.0,1720000.0,1720000.0,1748000.0,1748000.0,1800000.0,1800000.0,2399000.0,2399000.0,525000.0,525000.0,,,,,524000.0,524000.0,809000.0,809000.0,1050000.0,1050000.0,,,1478000.0,1478000.0,972000.0000000001,972000.0000000001,,,1027999.9999999999,1027999.9999999999,,,,,,,,,,,1252000.0,1252000.0,1399000.0,1399000.0,1713000.0,1713000.0,3636000.0,3636000.0,1000000.0,1000000.0,,15500.0
Residential Plot in Bhondsi,₹1.44k/sq.ft,,,,,₹13.0L,900 sq.ft,697000.0,1309000.0,2000000.0,2000000.0,2156000.0,2156000.0,750000.0,750000.0,660000.0,660000.0,700000.0,700000.0,720000.0,720000.0,840000.0,840000.0,1000000.0,1000000.0,1080000.0,1080000.0,1110000.0,1110000.0,1500000.0,1500000.0,1266000.0,1266000.0,1540000.0,1540000.0,1596000.0,1596000.0,1620000.0,1620000.0,1720000.0,1720000.0,1748000.0,1748000.0,1800000.0,1800000.0,2399000.0,2399000.0,525000.0,525000.0,,,,,524000.0,524000.0,809000.0,809000.0,1050000.0,1050000.0,,,1478000.0,1478000.0,972000.0000000001,972000.0000000001,,,1027999.9999999999,1027999.9999999999,,,,,,,,,,,1252000.0,1252000.0,1399000.0,1399000.0,1713000.0,1713000.0,3636000.0,3636000.0,1000000.0,1000000.0,,15500.0
1 RK Flat in Sector 37D,₹3.71k/sq.ft,,,,,₹13.0L,350 sq.ft,697000.0,1309000.0,2000000.0,2000000.0,2156000.0,2156000.0,750000.0,750000.0,660000.0,660000.0,700000.0,700000.0,720000.0,720000.0,840000.0,840000.0,1000000.0,1000000.0,1080000.0,1080000.0,1110000.0,1110000.0,1500000.0,1500000.0,1266000.0,1266000.0,1540000.0,1540000.0,1596000.0,1596000.0,1620000.0,1620000.0,1720000.0,1720000.0,1748000.0,1748000.0,1800000.0,1800000.0,2399000.0,2399000.0,525000.0,525000.0,,,,,524000.0,524000.0,809000.0,809000.0,1050000.0,1050000.0,,,1478000.0,1478000.0,972000.0000000001,972000.0000000001,,,1027999.9999999999,1027999.9999999999,,,,,,,,,,,1252000.0,1252000.0,1399000.0,1399000.0,1713000.0,1713000.0,3636000.0,3636000.0,1000000.0,1000000.0,,39934.0
Residential Plot in Maruti Kunj,₹2.7k/sq.ft,,,,,₹12.88L,477 sq.ft,697000.0,1309000.0,2000000.0,2000000.0,2156000.0,2156000.0,750000.0,750000.0,660000.0,660000.0,700000.0,700000.0,720000.0,720000.0,840000.0,840000.0,1000000.0,1000000.0,1080000.0,1080000.0,1110000.0,1110000.0,1500000.0,1500000.0,1266000.0,1266000.0,1540000.0,1540000.0,1596000.0,1596000.0,1620000.0,1620000.0,1720000.0,1720000.0,1748000.0,1748000.0,1800000.0,1800000.0,2399000.0,2399000.0,525000.0,525000.0,,,,,524000.0,524000.0,809000.0,809000.0,1050000.0,1050000.0,,,1478000.0,1478000.0,972000.0000000001,972000.0000000001,,,1027999.9999999999,1027999.9999999999,,,,,,,,,,,1252000.0,1252000.0,1399000.0,1399000.0,1713000.0,1713000.0,3636000.0,3636000.0,1000000.0,1000000.0,,29063.0
"2 BHK Flat in Laxmi Garden, Sector 11",₹3.13k/sq.ft,,,,,₹12.5L,400 sq.ft,697000.0,1309000.0,2000000.0,2000000.0,2156000.0,2156000.0,750000.0,750000.0,660000.0,660000.0,700000.0,700000.0,720000.0,720000.0,840000.0,840000.0,1000000.0,1000000.0,1080000.0,1080000.0,1110000.0,1110000.0,1500000.0,1500000.0,1266000.0,1266000.0,1540000.0,1540000.0,1596000.0,1596000.0,1620000.0,1620000.0,1720000.0,1720000.0,1748000.0,1748000.0,1800000.0,1800000.0,2399000.0,2399000.0,525000.0,525000.0,,,,,524000.0,524000.0,809000.0,809000.0,1050000.0,1050000.0,,,1478000.0,1478000.0,972000.0000000001,972000.0000000001,,,1027999.9999999999,1027999.9999999999,,,,,,,,,,,1252000.0,1252000.0,1399000.0,1399000.0,1713000.0,1713000.0,3636000.0,3636000.0,1000000.0,1000000.0,,33691.0
Residential Plot in Silani,₹1.39k/sq.ft,,,,,₹12.5L,900 sq.ft,697000.0,1309000.0,2000000.0,2000000.0,2156000.0,2156000.0,750000.0,750000.0,660000.0,660000.0,700000.0,700000.0,720000.0,720000.0,840000.0,840000.0,1000000.0,1000000.0,1080000.0,1080000.0,1110000.0,1110000.0,1500000.0,1500000.0,1266000.0,1266000.0,1540000.0,1540000.0,1596000.0,1596000.0,1620000.0,1620000.0,1720000.0,1720000.0,1748000.0,1748000.0,1800000.0,1800000.0,2399000.0,2399000.0,525000.0,525000.0,,,,,524000.0,524000.0,809000.0,809000.0,1050000.0,1050000.0,,,1478000.0,1478000.0,972000.0000000001,972000.0000000001,,,1027999.9999999999,1027999.9999999999,,,,,,,,,,,1252000.0,1252000.0,1399000.0,1399000.0,1713000.0,1713000.0,3636000.0,3636000.0,1000000.0,1000000.0,,14962.0
Residential Plot in Maruti Kunj,₹1.37k/sq.ft,,,,,₹12.0L,875 sq.ft,697000.0,1309000.0,2000000.0,2000000.0,2156000.0,2156000.0,750000.0,750000.0,660000.0,660000.0,700000.0,700000.0,720000.0,720000.0,840000.0,840000.0,1000000.0,1000000.0,1080000.0,1080000.0,1110000.0,1110000.0,1500000.0,1500000.0,1266000.0,1266000.0,1540000.0,1540000.0,1596000.0,1596000.0,1620000.0,1620000.0,1720000.0,1720000.0,1748000.0,1748000.0,1800000.0,1800000.0,2399000.0,2399000.0,525000.0,525000.0,,,,,524000.0,524000.0,809000.0,809000.0,1050000.0,1050000.0,,,1478000.0,1478000.0,972000.0000000001,972000.0000000001,,,1027999.9999999999,1027999.9999999999,,,,,,,,,,,1252000.0,1252000.0,1399000.0,1399000.0,1713000.0,1713000.0,3636000.0,3636000.0,1000000.0,1000000.0,,14747.0
1 BHK Independent House in Bhondsi,₹2.67k/sq.ft,,,,,₹12.0L,450 sq.ft,697000.0,1309000.0,2000000.0,2000000.0,2156000.0,2156000.0,750000.0,750000.0,660000.0,660000.0,700000.0,700000.0,720000.0,720000.0,840000.0,840000.0,1000000.0,1000000.0,1080000.0,1080000.0,1110000.0,1110000.0,1500000.0,1500000.0,1266000.0,1266000.0,1540000.0,1540000.0,1596000.0,1596000.0,1620000.0,1620000.0,1720000.0,1720000.0,1748000.0,1748000.0,1800000.0,1800000.0,2399000.0,2399000.0,525000.0,525000.0,,,,,524000.0,524000.0,809000.0,809000.0,1050000.0,1050000.0,,,1478000.0,1478000.0,972000.0000000001,972000.0000000001,,,1027999.9999999999,1027999.9999999999,,,,,,,,,,,1252000.0,1252000.0,1399000.0,1399000.0,1713000.0,1713000.0,3636000.0,3636000.0,1000000.0,1000000.0,,28740.0
1 BHK Independent Builder Floor in Sector 81,₹6.0k/sq.ft,,,,,₹12.0L,200 sq.ft,697000.0,1309000.0,2000000.0,2000000.0,2156000.0,2156000.0,750000.0,750000.0,660000.0,660000.0,700000.0,700000.0,720000.0,720000.0,840000.0,840000.0,1000000.0,1000000.0,1080000.0,1080000.0,1110000.0,1110000.0,1500000.0,1500000.0,1266000.0,1266000.0,1540000.0,1540000.0,1596000.0,1596000.0,1620000.0,1620000.0,1720000.0,1720000.0,1748000.0,1748000.0,1800000.0,1800000.0,2399000.0,2399000.0,525000.0,525000.0,,,,,524000.0,524000.0,809000.0,809000.0,1050000.0,1050000.0,,,1478000.0,1478000.0,972000.0000000001,972000.0000000001,,,1027999.9999999999,1027999.9999999999,,,,,,,,,,,1252000.0,1252000.0,1399000.0,1399000.0,1713000.0,1713000.0,3636000.0,3636000.0,1000000.0,1000000.0,,64583.0
Residential Plot in Bhondsi,₹1.33k/sq.ft,,,,,₹12.0L,900 sq.ft,697000.0,1309000.0,2000000.0,2000000.0,2156000.0,2156000.0,750000.0,750000.0,660000.0,660000.0,700000.0,700000.0,720000.0,720000.0,840000.0,840000.0,1000000.0,1000000.0,1080000.0,1080000.0,1110000.0,1110000.0,1500000.0,1500000.0,1266000.0,1266000.0,1540000.0,1540000.0,1596000.0,1596000.0,1620000.0,1620000.0,1720000.0,1720000.0,1748000.0,1748000.0,1800000.0,1800000.0,2399000.0,2399000.0,525000.0,525000.0,,,,,524000.0,524000.0,809000.0,809000.0,1050000.0,1050000.0,,,1478000.0,1478000.0,972000.0000000001,972000.0000000001,,,1027999.9999999999,1027999.9999999999,,,,,,,,,,,1252000.0,1252000.0,1399000.0,1399000.0,1713000.0,1713000.0,3636000.0,3636000.0,1000000.0,1000000.0,,14316.0
1 RK Flat in Sector 37C,₹5.45k/sq.ft,,,,,₹12.0L,220 sq.ft,697000.0,1309000.0,2000000.0,2000000.0,2156000.0,2156000.0,750000.0,750000.0,660000.0,660000.0,700000.0,700000.0,720000.0,720000.0,840000.0,840000.0,1000000.0,1000000.0,1080000.0,1080000.0,1110000.0,1110000.0,1500000.0,1500000.0,1266000.0,1266000.0,1540000.0,1540000.0,1596000.0,1596000.0,1620000.0,1620000.0,1720000.0,1720000.0,1748000.0,1748000.0,1800000.0,1800000.0,2399000.0,2399000.0,525000.0,525000.0,,,,,524000.0,524000.0,809000.0,809000.0,1050000.0,1050000.0,,,1478000.0,1478000.0,972000.0000000001,972000.0000000001,,,1027999.9999999999,1027999.9999999999,,,,,,,,,,,1252000.0,1252000.0,1399000.0,1399000.0,1713000.0,1713000.0,3636000.0,3636000.0,1000000.0,1000000.0,,58663.0
1 RK Studio in Sector 70,₹3.0k/sq.ft,,,,,₹12.0L,400 sq.ft,697000.0,1309000.0,2000000.0,2000000.0,2156000.0,2156000.0,750000.0,750000.0,660000.0,660000.0,700000.0,700000.0,720000.0,720000.0,840000.0,840000.0,1000000.0,1000000.0,1080000.0,1080000.0,1110000.0,1110000.0,1500000.0,1500000.0,1266000.0,1266000.0,1540000.0,1540000.0,1596000.0,1596000.0,1620000.0,1620000.0,1720000.0,1720000.0,1748000.0,1748000.0,1800000.0,1800000.0,2399000.0,2399000.0,525000.0,525000.0,,,,,524000.0,524000.0,809000.0,809000.0,1050000.0,1050000.0,,,1478000.0,1478000.0,972000.0000000001,972000.0000000001,,,1027999.9999999999,1027999.9999999999,,,,,,,,,,,1252000.0,1252000.0,1399000.0,1399000.0,1713000.0,1713000.0,3636000.0,3636000.0,1000000.0,1000000.0,,32292.0
Residential Plot in Shanti Kunj,₹2.63k/sq.ft,,,,,₹11.14L,423 sq.ft,697000.0,1309000.0,2000000.0,2000000.0,2156000.0,2156000.0,750000.0,750000.0,660000.0,660000.0,700000.0,700000.0,720000.0,720000.0,840000.0,840000.0,1000000.0,1000000.0,1080000.0,1080000.0,1110000.0,1110000.0,1500000.0,1500000.0,1266000.0,1266000.0,1540000.0,1540000.0,1596000.0,1596000.0,1620000.0,1620000.0,1720000.0,1720000.0,1748000.0,1748000.0,1800000.0,1800000.0,2399000.0,2399000.0,525000.0,525000.0,,,,,524000.0,524000.0,809000.0,809000.0,1050000.0,1050000.0,,,1478000.0,1478000.0,972000.0000000001,972000.0000000001,,,1027999.9999999999,1027999.9999999999,,,,,,,,,,,1252000.0,1252000.0,1399000.0,1399000.0,1713000.0,1713000.0,3636000.0,3636000.0,1000000.0,1000000.0,,28309.0
Residential Plot in Damdma,₹1.22k/sq.ft,,,,,₹11.0L,900 sq.ft,697000.0,1309000.0,2000000.0,2000000.0,2156000.0,2156000.0,750000.0,750000.0,660000.0,660000.0,700000.0,700000.0,720000.0,720000.0,840000.0,840000.0,1000000.0,1000000.0,1080000.0,1080000.0,1110000.0,1110000.0,1500000.0,1500000.0,1266000.0,1266000.0,1540000.0,1540000.0,1596000.0,1596000.0,1620000.0,1620000.0,1720000.0,1720000.0,1748000.0,1748000.0,1800000.0,1800000.0,2399000.0,2399000.0,525000.0,525000.0,,,,,524000.0,524000.0,809000.0,809000.0,1050000.0,1050000.0,,,1478000.0,1478000.0,972000.0000000001,972000.0000000001,,,1027999.9999999999,1027999.9999999999,,,,,,,,,,,1252000.0,1252000.0,1399000.0,1399000.0,1713000.0,1713000.0,3636000.0,3636000.0,1000000.0,1000000.0,,13132.0
"Residential Plot in Masani Village, Sector 6",₹1.22k/sq.ft,,,,,₹11.0L,900 sq.ft,697000.0,1309000.0,2000000.0,2000000.0,2156000.0,2156000.0,750000.0,750000.0,660000.0,660000.0,700000.0,700000.0,720000.0,720000.0,840000.0,840000.0,1000000.0,1000000.0,1080000.0,1080000.0,1110000.0,1110000.0,1500000.0,1500000.0,1266000.0,1266000.0,1540000.0,1540000.0,1596000.0,1596000.0,1620000.0,1620000.0,1720000.0,1720000.0,1748000.0,1748000.0,1800000.0,1800000.0,2399000.0,2399000.0,525000.0,525000.0,,,,,524000.0,524000.0,809000.0,809000.0,1050000.0,1050000.0,,,1478000.0,1478000.0,972000.0000000001,972000.0000000001,,,1027999.9999999999,1027999.9999999999,,,,,,,,,,,1252000.0,1252000.0,1399000.0,1399000.0,1713000.0,1713000.0,3636000.0,3636000.0,1000000.0,1000000.0,,13132.0
Residential Plot in Dhankot,₹2.44k/sq.ft,,,,,₹11.0L,450 sq.ft,697000.0,1309000.0,2000000.0,2000000.0,2156000.0,2156000.0,750000.0,750000.0,660000.0,660000.0,700000.0,700000.0,720000.0,720000.0,840000.0,840000.0,1000000.0,1000000.0,1080000.0,1080000.0,1110000.0,1110000.0,1500000.0,1500000.0,1266000.0,1266000.0,1540000.0,1540000.0,1596000.0,1596000.0,1620000.0,1620000.0,1720000.0,1720000.0,1748000.0,1748000.0,1800000.0,1800000.0,2399000.0,2399000.0,525000.0,525000.0,,,,,524000.0,524000.0,809000.0,809000.0,1050000.0,1050000.0,,,1478000.0,1478000.0,972000.0000000001,972000.0000000001,,,1027999.9999999999,1027999.9999999999,,,,,,,,,,,1252000.0,1252000.0,1399000.0,1399000.0,1713000.0,1713000.0,3636000.0,3636000.0,1000000.0,1000000.0,,26264.0
Residential Plot in Sector 17 Sohna,₹1.12k/sq.ft,,,,,₹10.1L,900 sq.ft,697000.0,1309000.0,2000000.0,2000000.0,2156000.0,2156000.0,750000.0,750000.0,660000.0,660000.0,700000.0,700000.0,720000.0,720000.0,840000.0,840000.0,1000000.0,1000000.0,1080000.0,1080000.0,1110000.0,1110000.0,1500000.0,1500000.0,1266000.0,1266000.0,1540000.0,1540000.0,1596000.0,1596000.0,1620000.0,1620000.0,1720000.0,1720000.0,1748000.0,1748000.0,1800000.0,1800000.0,2399000.0,2399000.0,525000.0,525000.0,,,,,524000.0,524000.0,809000.0,809000.0,1050000.0,1050000.0,,,1478000.0,1478000.0,972000.0000000001,972000.0000000001,,,1027999.9999999999,1027999.9999999999,,,,,,,,,,,1252000.0,1252000.0,1399000.0,1399000.0,1713000.0,1713000.0,3636000.0,3636000.0,1000000.0,1000000.0,,12056.0
1 RK Flat in Sector 37C,₹5.0k/sq.ft,,,,,₹10.0L,200 sq.ft,697000.0,1309000.0,2000000.0,2000000.0,2156000.0,2156000.0,750000.0,750000.0,660000.0,660000.0,700000.0,700000.0,720000.0,720000.0,840000.0,840000.0,1000000.0,1000000.0,1080000.0,1080000.0,1110000.0,1110000.0,1500000.0,1500000.0,1266000.0,1266000.0,1540000.0,1540000.0,1596000.0,1596000.0,1620000.0,1620000.0,1720000.0,1720000.0,1748000.0,1748000.0,1800000.0,1800000.0,2399000.0,2399000.0,525000.0,525000.0,,,,,524000.0,524000.0,809000.0,809000.0,1050000.0,1050000.0,,,1478000.0,1478000.0,972000.0000000001,972000.0000000001,,,1027999.9999999999,1027999.9999999999,,,,,,,,,,,1252000.0,1252000.0,1399000.0,1399000.0,1713000.0,1713000.0,3636000.0,3636000.0,1000000.0,1000000.0,,53820.0
1 RK Flat in Sector 90,₹5.0k/sq.ft,,,,,₹10.0L,200 sq.ft,697000.0,1309000.0,2000000.0,2000000.0,2156000.0,2156000.0,750000.0,750000.0,660000.0,660000.0,700000.0,700000.0,720000.0,720000.0,840000.0,840000.0,1000000.0,1000000.0,1080000.0,1080000.0,1110000.0,1110000.0,1500000.0,1500000.0,1266000.0,1266000.0,1540000.0,1540000.0,1596000.0,1596000.0,1620000.0,1620000.0,1720000.0,1720000.0,1748000.0,1748000.0,1800000.0,1800000.0,2399000.0,2399000.0,525000.0,525000.0,,,,,524000.0,524000.0,809000.0,809000.0,1050000.0,1050000.0,,,1478000.0,1478000.0,972000.0000000001,972000.0000000001,,,1027999.9999999999,1027999.9999999999,,,,,,,,,,,1252000.0,1252000.0,1399000.0,1399000.0,1713000.0,1713000.0,3636000.0,3636000.0,1000000.0,1000000.0,,53820.0
Residential Plot in Silani,₹1.11k/sq.ft,,,,,₹10.0L,900 sq.ft,697000.0,1309000.0,2000000.0,2000000.0,2156000.0,2156000.0,750000.0,750000.0,660000.0,660000.0,700000.0,700000.0,720000.0,720000.0,840000.0,840000.0,1000000.0,1000000.0,1080000.0,1080000.0,1110000.0,1110000.0,1500000.0,1500000.0,1266000.0,1266000.0,1540000.0,1540000.0,1596000.0,1596000.0,1620000.0,1620000.0,1720000.0,1720000.0,1748000.0,1748000.0,1800000.0,1800000.0,2399000.0,2399000.0,525000.0,525000.0,,,,,524000.0,524000.0,809000.0,809000.0,1050000.0,1050000.0,,,1478000.0,1478000.0,972000.0000000001,972000.0000000001,,,1027999.9999999999,1027999.9999999999,,,,,,,,,,,1252000.0,1252000.0,1399000.0,1399000.0,1713000.0,1713000.0,3636000.0,3636000.0,1000000.0,1000000.0,,11948.0
1 RK Flat in Sector 108,₹4.57k/sq.ft,,,,,₹10.0L,219 sq.ft,697000.0,1309000.0,2000000.0,2000000.0,2156000.0,2156000.0,750000.0,750000.0,660000.0,660000.0,700000.0,700000.0,720000.0,720000.0,840000.0,840000.0,1000000.0,1000000.0,1080000.0,1080000.0,1110000.0,1110000.0,1500000.0,1500000.0,1266000.0,1266000.0,1540000.0,1540000.0,1596000.0,1596000.0,1620000.0,1620000.0,1720000.0,1720000.0,1748000.0,1748000.0,1800000.0,1800000.0,2399000.0,2399000.0,525000.0,525000.0,,,,,524000.0,524000.0,809000.0,809000.0,1050000.0,1050000.0,,,1478000.0,1478000.0,972000.0000000001,972000.0000000001,,,1027999.9999999999,1027999.9999999999,,,,,,,,,,,1252000.0,1252000.0,1399000.0,1399000.0,1713000.0,1713000.0,3636000.0,3636000.0,1000000.0,1000000.0,,49191.0
Residential Plot in Maruti Kunj,₹2.0k/sq.ft,,,,,₹10.0L,500 sq.ft,697000.0,1309000.0,2000000.0,2000000.0,2156000.0,2156000.0,750000.0,750000.0,660000.0,660000.0,700000.0,700000.0,720000.0,720000.0,840000.0,840000.0,1000000.0,1000000.0,1080000.0,1080000.0,1110000.0,1110000.0,1500000.0,1500000.0,1266000.0,1266000.0,1540000.0,1540000.0,1596000.0,1596000.0,1620000.0,1620000.0,1720000.0,1720000.0,1748000.0,1748000.0,1800000.0,1800000.0,2399000.0,2399000.0,525000.0,525000.0,,,,,524000.0,524000.0,809000.0,809000.0,1050000.0,1050000.0,,,1478000.0,1478000.0,972000.0000000001,972000.0000000001,,,1027999.9999999999,1027999.9999999999,,,,,,,,,,,1252000.0,1252000.0,1399000.0,1399000.0,1713000.0,1713000.0,3636000.0,3636000.0,1000000.0,1000000.0,,21528.0
Residential Plot in Sector 11 Sohna,₹1.04k/sq.ft,,,,,₹9.4L,900 sq.ft,697000.0,1309000.0,2000000.0,2000000.0,2156000.0,2156000.0,750000.0,750000.0,660000.0,660000.0,700000.0,700000.0,720000.0,720000.0,840000.0,840000.0,1000000.0,1000000.0,1080000.0,1080000.0,1110000.0,1110000.0,1500000.0,1500000.0,1266000.0,1266000.0,1540000.0,1540000.0,1596000.0,1596000.0,1620000.0,1620000.0,1720000.0,1720000.0,1748000.0,1748000.0,1800000.0,1800000.0,2399000.0,2399000.0,525000.0,525000.0,,,,,524000.0,524000.0,809000.0,809000.0,1050000.0,1050000.0,,,1478000.0,1478000.0,972000.0000000001,972000.0000000001,,,1027999.9999999999,1027999.9999999999,,,,,,,,,,,1252000.0,1252000.0,1399000.0,1399000.0,1713000.0,1713000.0,3636000.0,3636000.0,1000000.0,1000000.0,,11194.0
Residential Plot in Sultanpur,₹2.06k/sq.ft,,,,,₹9.25L,450 sq.ft,697000.0,1309000.0,2000000.0,2000000.0,2156000.0,2156000.0,750000.0,750000.0,660000.0,660000.0,700000.0,700000.0,720000.0,720000.0,840000.0,840000.0,1000000.0,1000000.0,1080000.0,1080000.0,1110000.0,1110000.0,1500000.0,1500000.0,1266000.0,1266000.0,1540000.0,1540000.0,1596000.0,1596000.0,1620000.0,1620000.0,1720000.0,1720000.0,1748000.0,1748000.0,1800000.0,1800000.0,2399000.0,2399000.0,525000.0,525000.0,,,,,524000.0,524000.0,809000.0,809000.0,1050000.0,1050000.0,,,1478000.0,1478000.0,972000.0000000001,972000.0000000001,,,1027999.9999999999,1027999.9999999999,,,,,,,,,,,1252000.0,1252000.0,1399000.0,1399000.0,1713000.0,1713000.0,3636000.0,3636000.0,1000000.0,1000000.0,,22174.0
Residential Plots in Bhondsi,₹578.0/sq.ft,,,,Lotus Monarch City,,,697000.0,1309000.0,2000000.0,2000000.0,2156000.0,2156000.0,750000.0,750000.0,660000.0,660000.0,700000.0,700000.0,720000.0,720000.0,840000.0,840000.0,1000000.0,1000000.0,1080000.0,1080000.0,1110000.0,1110000.0,1500000.0,1500000.0,1266000.0,1266000.0,1540000.0,1540000.0,1596000.0,1596000.0,1620000.0,1620000.0,1720000.0,1720000.0,1748000.0,1748000.0,1800000.0,1800000.0,2399000.0,2399000.0,260000.0,260000.0,276000.0,276000.0,364000.0,364000.0,524000.0,524000.0,401000.0,401000.0,520000.0,520000.0,687000.0,687000.0,702000.0,702000.0,972000.0000000001,972000.0000000001,733000.0,733000.0,765000.0,765000.0,770000.0,770000.0,780000.0,780000.0,806000.0,806000.0,838000.0000000001,838000.0000000001,858000.0,858000.0,1252000.0,1252000.0,1399000.0,1399000.0,1713000.0,1713000.0,3636000.0,3636000.0,1000000.0,1000000.0,,6222.0
1 RK Flat in Sector 37D,₹2.46k/sq.ft,,,,,₹8.0L,325 sq.ft,697000.0,1309000.0,2000000.0,2000000.0,2156000.0,2156000.0,750000.0,750000.0,660000.0,660000.0,700000.0,700000.0,720000.0,720000.0,840000.0,840000.0,1000000.0,1000000.0,1080000.0,1080000.0,1110000.0,1110000.0,1500000.0,1500000.0,1266000.0,1266000.0,1540000.0,1540000.0,1596000.0,1596000.0,1620000.0,1620000.0,1720000.0,1720000.0,1748000.0,1748000.0,1800000.0,1800000.0,2399000.0,2399000.0,260000.0,260000.0,276000.0,276000.0,364000.0,364000.0,524000.0,524000.0,401000.0,401000.0,520000.0,520000.0,687000.0,687000.0,702000.0,702000.0,972000.0000000001,972000.0000000001,733000.0,733000.0,765000.0,765000.0,770000.0,770000.0,780000.0,780000.0,806000.0,806000.0,838000.0000000001,838000.0000000001,858000.0,858000.0,1252000.0,1252000.0,1399000.0,1399000.0,1713000.0,1713000.0,3636000.0,3636000.0,1000000.0,1000000.0,,26479.0
1 BHK Flat in Rajoria Nagar,₹1.25k/sq.ft,,,,,₹7.5L,600 sq.ft,697000.0,1309000.0,2000000.0,2000000.0,2156000.0,2156000.0,750000.0,750000.0,660000.0,660000.0,700000.0,700000.0,720000.0,720000.0,840000.0,840000.0,1000000.0,1000000.0,1080000.0,1080000.0,1110000.0,1110000.0,1500000.0,1500000.0,1266000.0,1266000.0,1540000.0,1540000.0,1596000.0,1596000.0,1620000.0,1620000.0,1720000.0,1720000.0,1748000.0,1748000.0,1800000.0,1800000.0,2399000.0,2399000.0,260000.0,260000.0,276000.0,276000.0,364000.0,364000.0,524000.0,524000.0,401000.0,401000.0,520000.0,520000.0,687000.0,687000.0,702000.0,702000.0,972000.0000000001,972000.0000000001,733000.0,733000.0,765000.0,765000.0,770000.0,770000.0,780000.0,780000.0,806000.0,806000.0,838000.0000000001,838000.0000000001,858000.0,858000.0,1252000.0,1252000.0,1399000.0,1399000.0,1713000.0,1713000.0,3636000.0,3636000.0,1000000.0,1000000.0,,13455.0
"8 BHK Independent House in Rajiv Nagar, Sector 13",₹1.36k/sq.ft,,,,,₹7.5L,550 sq.ft,697000.0,1309000.0,2000000.0,2000000.0,2156000.0,2156000.0,750000.0,750000.0,660000.0,660000.0,700000.0,700000.0,720000.0,720000.0,840000.0,840000.0,1000000.0,1000000.0,1080000.0,1080000.0,1110000.0,1110000.0,1500000.0,1500000.0,1266000.0,1266000.0,1540000.0,1540000.0,1596000.0,1596000.0,1620000.0,1620000.0,1720000.0,1720000.0,1748000.0,1748000.0,1800000.0,1800000.0,2399000.0,2399000.0,260000.0,260000.0,276000.0,276000.0,364000.0,364000.0,524000.0,524000.0,401000.0,401000.0,520000.0,520000.0,687000.0,687000.0,702000.0,702000.0,972000.0000000001,972000.0000000001,733000.0,733000.0,765000.0,765000.0,770000.0,770000.0,780000.0,780000.0,806000.0,806000.0,838000.0000000001,838000.0000000001,858000.0,858000.0,1252000.0,1252000.0,1399000.0,1399000.0,1713000.0,1713000.0,3636000.0,3636000.0,1000000.0,1000000.0,,14639.0
1 RK Flat in Sector 37D,₹2.09k/sq.ft,,,,,₹6.8L,325 sq.ft,697000.0,1309000.0,2000000.0,2000000.0,2156000.0,2156000.0,750000.0,750000.0,660000.0,660000.0,700000.0,700000.0,720000.0,720000.0,840000.0,840000.0,1000000.0,1000000.0,1080000.0,1080000.0,1110000.0,1110000.0,1500000.0,1500000.0,1266000.0,1266000.0,1540000.0,1540000.0,1596000.0,1596000.0,1620000.0,1620000.0,1720000.0,1720000.0,1748000.0,1748000.0,1800000.0,1800000.0,2399000.0,2399000.0,260000.0,260000.0,276000.0,276000.0,364000.0,364000.0,524000.0,524000.0,401000.0,401000.0,520000.0,520000.0,687000.0,687000.0,702000.0,702000.0,972000.0000000001,972000.0000000001,733000.0,733000.0,765000.0,765000.0,770000.0,770000.0,780000.0,780000.0,806000.0,806000.0,838000.0000000001,838000.0000000001,858000.0,858000.0,1252000.0,1252000.0,1399000.0,1399000.0,1713000.0,1713000.0,3636000.0,3636000.0,1000000.0,1000000.0,,22497.0
Residential Plots in Manesar,₹722.0/sq.ft,,,,NS Zenext Avenue,,,697000.0,1309000.0,2000000.0,2000000.0,2156000.0,2156000.0,750000.0,750000.0,660000.0,660000.0,700000.0,700000.0,720000.0,720000.0,840000.0,840000.0,1000000.0,1000000.0,1080000.0,1080000.0,1110000.0,1110000.0,1500000.0,1500000.0,1266000.0,1266000.0,1540000.0,1540000.0,1596000.0,1596000.0,1620000.0,1620000.0,1720000.0,1720000.0,1748000.0,1748000.0,1800000.0,1800000.0,2399000.0,2399000.0,325000.0,325000.0,276000.0,276000.0,364000.0,364000.0,524000.0,524000.0,401000.0,401000.0,650000.0,650000.0,687000.0,687000.0,702000.0,702000.0,972000.0000000001,972000.0000000001,733000.0,733000.0,765000.0,765000.0,770000.0,770000.0,780000.0,780000.0,806000.0,806000.0,838000.0000000001,838000.0000000001,858000.0,858000.0,1252000.0,1252000.0,1399000.0,1399000.0,1713000.0,1713000.0,3636000.0,3636000.0,1000000.0,1000000.0,,7772.0
Residential Plot in Dhankot,₹1.0k/sq.ft,,,,,₹4.5L,450 sq.ft,697000.0,1309000.0,2000000.0,2000000.0,2156000.0,2156000.0,750000.0,750000.0,660000.0,660000.0,700000.0,700000.0,720000.0,720000.0,840000.0,840000.0,1000000.0,1000000.0,1080000.0,1080000.0,1110000.0,1110000.0,1500000.0,1500000.0,1266000.0,1266000.0,1540000.0,1540000.0,1596000.0,1596000.0,1620000.0,1620000.0,1720000.0,1720000.0,1748000.0,1748000.0,1800000.0,1800000.0,2399000.0,2399000.0,325000.0,325000.0,276000.0,276000.0,364000.0,364000.0,524000.0,524000.0,401000.0,401000.0,650000.0,650000.0,687000.0,687000.0,702000.0,702000.0,972000.0000000001,972000.0000000001,733000.0,733000.0,765000.0,765000.0,770000.0,770000.0,780000.0,780000.0,806000.0,806000.0,838000.0000000001,838000.0000000001,858000.0,858000.0,1252000.0,1252000.0,1399000.0,1399000.0,1713000.0,1713000.0,3636000.0,3636000.0,1000000.0,1000000.0,,10764.0
Residential Plot in Sultanpur,₹8.5k/sq.yd,,,,,₹4.25L,50 sq.yd,697000.0,1309000.0,2000000.0,2000000.0,2156000.0,2156000.0,750000.0,750000.0,660000.0,660000.0,700000.0,700000.0,720000.0,720000.0,840000.0,840000.0,1000000.0,1000000.0,1080000.0,1080000.0,1110000.0,1110000.0,1500000.0,1500000.0,1266000.0,1266000.0,1540000.0,1540000.0,1596000.0,1596000.0,1620000.0,1620000.0,1720000.0,1720000.0,1748000.0,1748000.0,1800000.0,1800000.0,2399000.0,2399000.0,325000.0,325000.0,276000.0,276000.0,364000.0,364000.0,524000.0,524000.0,401000.0,401000.0,650000.0,650000.0,687000.0,687000.0,702000.0,702000.0,972000.0000000001,972000.0000000001,733000.0,733000.0,765000.0,765000.0,770000.0,770000.0,780000.0,780000.0,806000.0,806000.0,838000.0000000001,838000.0000000001,858000.0,858000.0,1252000.0,1252000.0,1399000.0,1399000.0,1713000.0,1713000.0,3636000.0,3636000.0,1000000.0,1000000.0,,10166.0
Residential Plot in Shahid Smarak,₹648.00/sq.ft,,,,,₹3.5L,540 sq.ft,697000.0,1309000.0,2000000.0,2000000.0,2156000.0,2156000.0,750000.0,750000.0,660000.0,660000.0,700000.0,700000.0,720000.0,720000.0,840000.0,840000.0,1000000.0,1000000.0,1080000.0,1080000.0,1110000.0,1110000.0,1500000.0,1500000.0,1266000.0,1266000.0,1540000.0,1540000.0,1596000.0,1596000.0,1620000.0,1620000.0,1720000.0,1720000.0,1748000.0,1748000.0,1800000.0,1800000.0,2399000.0,2399000.0,325000.0,325000.0,276000.0,276000.0,364000.0,364000.0,524000.0,524000.0,401000.0,401000.0,650000.0,650000.0,687000.0,687000.0,702000.0,702000.0,972000.0000000001,972000.0000000001,733000.0,733000.0,765000.0,765000.0,770000.0,770000.0,780000.0,780000.0,806000.0,806000.0,838000.0000000001,838000.0000000001,858000.0,858000.0,1252000.0,1252000.0,1399000.0,1399000.0,1713000.0,1713000.0,3636000.0,3636000.0,1000000.0,1000000.0,,6975.0
"2 BHK Flat in Laxman Vihar, Sector 3A",₹471.00/sq.ft,,,,,₹3.3L,700 sq.ft,697000.0,1309000.0,2000000.0,2000000.0,2156000.0,2156000.0,750000.0,750000.0,660000.0,660000.0,700000.0,700000.0,720000.0,720000.0,840000.0,840000.0,1000000.0,1000000.0,1080000.0,1080000.0,1110000.0,1110000.0,1500000.0,1500000.0,1266000.0,1266000.0,1540000.0,1540000.0,1596000.0,1596000.0,1620000.0,1620000.0,1720000.0,1720000.0,1748000.0,1748000.0,1800000.0,1800000.0,2399000.0,2399000.0,325000.0,325000.0,276000.0,276000.0,364000.0,364000.0,524000.0,524000.0,401000.0,401000.0,650000.0,650000.0,687000.0,687000.0,702000.0,702000.0,972000.0000000001,972000.0000000001,733000.0,733000.0,765000.0,765000.0,770000.0,770000.0,780000.0,780000.0,806000.0,806000.0,838000.0000000001,838000.0000000001,858000.0,858000.0,1252000.0,1252000.0,1399000.0,1399000.0,1713000.0,1713000.0,3636000.0,3636000.0,1000000.0,1000000.0,,5070.0
Residential Plot in Patel Nagar,₹944.00/sq.ft,,,,,₹1.7L,180 sq.ft,697000.0,1309000.0,2000000.0,2000000.0,2156000.0,2156000.0,750000.0,750000.0,660000.0,660000.0,700000.0,700000.0,720000.0,720000.0,840000.0,840000.0,1000000.0,1000000.0,1080000.0,1080000.0,1110000.0,1110000.0,1500000.0,1500000.0,1266000.0,1266000.0,1540000.0,1540000.0,1596000.0,1596000.0,1620000.0,1620000.0,1720000.0,1720000.0,1748000.0,1748000.0,1800000.0,1800000.0,2399000.0,2399000.0,325000.0,325000.0,276000.0,276000.0,364000.0,364000.0,524000.0,524000.0,401000.0,401000.0,650000.0,650000.0,687000.0,687000.0,702000.0,702000.0,972000.0000000001,972000.0000000001,733000.0,733000.0,765000.0,765000.0,770000.0,770000.0,780000.0,780000.0,806000.0,806000.0,838000.0000000001,838000.0000000001,858000.0,858000.0,1252000.0,1252000.0,1399000.0,1399000.0,1713000.0,1713000.0,3636000.0,3636000.0,1000000.0,1000000.0,,10161.0
